username,tweet
@FoodieFiesta,That game-winning shot by @StarPlayer last night was insane! ğŸ€ What a match!
@TravelBug22,Just tried out the new VR headset from @FutureTech! The future is here. ğŸš€
@TechGuru123,Summer fashion is all about bright colors and bold patterns this year. Loving the new trends! ğŸ‘—
@BookWorm99,Just booked my tickets to Japan! Can't wait to experience the culture and food.
@EcoWarrior,Discovered the best burger joint in town today. The secret sauce is a game-changer!
@TravelBug22,The weekend is here! Time to relax and unwind with a good book.
@BookWorm99,"Just adopted a new puppy! Welcome to the family, little one."
@TechGuru123,Bali is amazing! Canâ€™t wait to explore the beaches and temples. Any must-see recommendations?
@MusicLover,"Finished reading 'The Silent Patient' and wow, what a twist! Highly recommend for all thriller lovers."
@BookWorm99,Discovered the best burger joint in town today. The secret sauce is a game-changer!
@EcoWarrior,New album from @RockBand just dropped and it's fire! Can't stop listening. ğŸ¶
@FitnessFreak89,The weekend is here! Time to relax and unwind with a good book.
@TravelBug22,Attended an amazing webinar on AI today. Learned so much about the future of tech.
@FitnessFreak89,New album from @RockBand just dropped and it's fire! Can't stop listening. ğŸ¶
@TechGuru123,Attended an amazing webinar on AI today. Learned so much about the future of tech.
@SportsFanatic,Just solved a complex algorithm problem on @CodeChallenge. Feeling like a coding wizard!
@EcoWarrior,Summer fashion is all about bright colors and bold patterns this year. Loving the new trends! ğŸ‘—
@FitnessFreak89,"Finished reading 'The Silent Patient' and wow, what a twist! Highly recommend for all thriller lovers."
@MusicLover,Attended an amazing webinar on AI today. Learned so much about the future of tech.
@TravelBug22,"Just adopted a new puppy! Welcome to the family, little one."
@BookWorm99,Just tried out the new VR headset from @FutureTech! The future is here. ğŸš€
@SportsFanatic,Just tried out the new VR headset from @FutureTech! The future is here. ğŸš€
@TechGuru123,New album from @RockBand just dropped and it's fire! Can't stop listening. ğŸ¶
@MusicLover,Just solved a complex algorithm problem on @CodeChallenge. Feeling like a coding wizard!
@MusicLover,Discovered the best burger joint in town today. The secret sauce is a game-changer!
@FitnessFreak89,New album from @RockBand just dropped and it's fire! Can't stop listening. ğŸ¶
@EcoWarrior,Planted 10 trees today with @GreenFutureOrg. Every little step counts towards a greener planet. ğŸŒ±
@TechGuru123,Planted 10 trees today with @GreenFutureOrg. Every little step counts towards a greener planet. ğŸŒ±
@FoodieFiesta,Trying out a new vegan recipe tonight. Hope it turns out delicious!
@FoodieFiesta,Attended an amazing webinar on AI today. Learned so much about the future of tech.
@TechGuru123,Just solved a complex algorithm problem on @CodeChallenge. Feeling like a coding wizard!
@TravelBug22,Just tried out the new VR headset from @FutureTech! The future is here. ğŸš€
@TechGuru123,Bali is amazing! Canâ€™t wait to explore the beaches and temples. Any must-see recommendations?
@BookWorm99,Summer fashion is all about bright colors and bold patterns this year. Loving the new trends! ğŸ‘—
@TechGuru123,Just tried out the new VR headset from @FutureTech! The future is here. ğŸš€
@TechGuru123,New album from @RockBand just dropped and it's fire! Can't stop listening. ğŸ¶
@BookWorm99,Trying out a new vegan recipe tonight. Hope it turns out delicious!
@FoodieFiesta,Summer fashion is all about bright colors and bold patterns this year. Loving the new trends! ğŸ‘—
@MusicLover,That game-winning shot by @StarPlayer last night was insane! ğŸ€ What a match!
@SportsFanatic,"Finished reading 'The Silent Patient' and wow, what a twist! Highly recommend for all thriller lovers."
@FoodieFiesta,"Just adopted a new puppy! Welcome to the family, little one."
@EcoWarrior,The weekend is here! Time to relax and unwind with a good book.
@SportsFanatic,"Finished reading 'The Silent Patient' and wow, what a twist! Highly recommend for all thriller lovers."
@FoodieFiesta,Summer fashion is all about bright colors and bold patterns this year. Loving the new trends! ğŸ‘—
@MusicLover,Bali is amazing! Canâ€™t wait to explore the beaches and temples. Any must-see recommendations?
@SportsFanatic,The weekend is here! Time to relax and unwind with a good book.
@MusicLover,Trying out a new vegan recipe tonight. Hope it turns out delicious!
@BookWorm99,Bali is amazing! Canâ€™t wait to explore the beaches and temples. Any must-see recommendations?
@EcoWarrior,The weekend is here! Time to relax and unwind with a good book.
@BookWorm99,Just tried out the new VR headset from @FutureTech! The future is here. ğŸš€
@Fashionista,"Finished reading 'The Silent Patient' and wow, what a twist! Highly recommend for all thriller lovers."
@SportsFanatic,Morning workout done! Feeling pumped and ready to tackle the day. #Motivation
@EcoWarrior,The weekend is here! Time to relax and unwind with a good book.
@FoodieFiesta,Morning workout done! Feeling pumped and ready to tackle the day. #Motivation
@BookWorm99,Discovered the best burger joint in town today. The secret sauce is a game-changer!
@FoodieFiesta,Morning workout done! Feeling pumped and ready to tackle the day. #Motivation
@Fashionista,Discovered the best burger joint in town today. The secret sauce is a game-changer!
@EcoWarrior,Just solved a complex algorithm problem on @CodeChallenge. Feeling like a coding wizard!
@MusicLover,Just booked my tickets to Japan! Can't wait to experience the culture and food.
@FitnessFreak89,"Just adopted a new puppy! Welcome to the family, little one."
@FitnessFreak89,Just solved a complex algorithm problem on @CodeChallenge. Feeling like a coding wizard!
@BookWorm99,Morning workout done! Feeling pumped and ready to tackle the day. #Motivation
@FitnessFreak89,"Just adopted a new puppy! Welcome to the family, little one."
@FitnessFreak89,That game-winning shot by @StarPlayer last night was insane! ğŸ€ What a match!
@EcoWarrior,Morning workout done! Feeling pumped and ready to tackle the day. #Motivation
@MusicLover,Planted 10 trees today with @GreenFutureOrg. Every little step counts towards a greener planet. ğŸŒ±
@TravelBug22,New album from @RockBand just dropped and it's fire! Can't stop listening. ğŸ¶
@Fashionista,Just tried out the new VR headset from @FutureTech! The future is here. ğŸš€
@BookWorm99,Summer fashion is all about bright colors and bold patterns this year. Loving the new trends! ğŸ‘—
@TravelBug22,New album from @RockBand just dropped and it's fire! Can't stop listening. ğŸ¶
@BookWorm99,Planted 10 trees today with @GreenFutureOrg. Every little step counts towards a greener planet. ğŸŒ±
@MusicLover,Planted 10 trees today with @GreenFutureOrg. Every little step counts towards a greener planet. ğŸŒ±
@Fashionista,Just booked my tickets to Japan! Can't wait to experience the culture and food.
@CodingNerd,Just solved a complex algorithm problem on @CodeChallenge. Feeling like a coding wizard!
@EcoWarrior,Planted 10 trees today with @GreenFutureOrg. Every little step counts towards a greener planet. ğŸŒ±
@FitnessFreak89,"Finished reading 'The Silent Patient' and wow, what a twist! Highly recommend for all thriller lovers."
@TechGuru123,Just booked my tickets to Japan! Can't wait to experience the culture and food.
@TechGuru123,Bali is amazing! Canâ€™t wait to explore the beaches and temples. Any must-see recommendations?
@CodingNerd,Trying out a new vegan recipe tonight. Hope it turns out delicious!
@FitnessFreak89,Just booked my tickets to Japan! Can't wait to experience the culture and food.
@TravelBug22,Just booked my tickets to Japan! Can't wait to experience the culture and food.
@TravelBug22,"Just adopted a new puppy! Welcome to the family, little one."
@FoodieFiesta,That game-winning shot by @StarPlayer last night was insane! ğŸ€ What a match!
@SportsFanatic,Planted 10 trees today with @GreenFutureOrg. Every little step counts towards a greener planet. ğŸŒ±
@CodingNerd,Trying out a new vegan recipe tonight. Hope it turns out delicious!
@TravelBug22,Just solved a complex algorithm problem on @CodeChallenge. Feeling like a coding wizard!
@Fashionista,Summer fashion is all about bright colors and bold patterns this year. Loving the new trends! ğŸ‘—
@EcoWarrior,Trying out a new vegan recipe tonight. Hope it turns out delicious!
@TravelBug22,Summer fashion is all about bright colors and bold patterns this year. Loving the new trends! ğŸ‘—
@Fashionista,Planted 10 trees today with @GreenFutureOrg. Every little step counts towards a greener planet. ğŸŒ±
@MusicLover,Trying out a new vegan recipe tonight. Hope it turns out delicious!
@SportsFanatic,Trying out a new vegan recipe tonight. Hope it turns out delicious!
@FitnessFreak89,Bali is amazing! Canâ€™t wait to explore the beaches and temples. Any must-see recommendations?
@FitnessFreak89,Just tried out the new VR headset from @FutureTech! The future is here. ğŸš€
@CodingNerd,"Finished reading 'The Silent Patient' and wow, what a twist! Highly recommend for all thriller lovers."
@FitnessFreak89,Attended an amazing webinar on AI today. Learned so much about the future of tech.
@TechGuru123,Attended an amazing webinar on AI today. Learned so much about the future of tech.
@FitnessFreak89,New album from @RockBand just dropped and it's fire! Can't stop listening. ğŸ¶
@BookWorm99,Just tried out the new VR headset from @FutureTech! The future is here. ğŸš€
@TravelBug22,That game-winning shot by @StarPlayer last night was insane! ğŸ€ What a match!
@MusicLover,Discovered the best burger joint in town today. The secret sauce is a game-changer!
@BookWorm99,Morning workout done! Feeling pumped and ready to tackle the day. #Motivation
@SportsFanatic,Attended an amazing webinar on AI today. Learned so much about the future of tech.
@FitnessFreak89,Summer fashion is all about bright colors and bold patterns this year. Loving the new trends! ğŸ‘—
@FoodieFiesta,The weekend is here! Time to relax and unwind with a good book.
@EcoWarrior,Just booked my tickets to Japan! Can't wait to experience the culture and food.
@TravelBug22,"Just adopted a new puppy! Welcome to the family, little one."
@CodingNerd,New album from @RockBand just dropped and it's fire! Can't stop listening. ğŸ¶
@EcoWarrior,Morning workout done! Feeling pumped and ready to tackle the day. #Motivation
@CodingNerd,New album from @RockBand just dropped and it's fire! Can't stop listening. ğŸ¶
@FoodieFiesta,Summer fashion is all about bright colors and bold patterns this year. Loving the new trends! ğŸ‘—
@SportsFanatic,That game-winning shot by @StarPlayer last night was insane! ğŸ€ What a match!
@FitnessFreak89,New album from @RockBand just dropped and it's fire! Can't stop listening. ğŸ¶
@Fashionista,Discovered the best burger joint in town today. The secret sauce is a game-changer!
@TechGuru123,"Finished reading 'The Silent Patient' and wow, what a twist! Highly recommend for all thriller lovers."
@FitnessFreak89,Planted 10 trees today with @GreenFutureOrg. Every little step counts towards a greener planet. ğŸŒ±
@FoodieFiesta,Just tried out the new VR headset from @FutureTech! The future is here. ğŸš€
@TechGuru123,Bali is amazing! Canâ€™t wait to explore the beaches and temples. Any must-see recommendations?
@SportsFanatic,Morning workout done! Feeling pumped and ready to tackle the day. #Motivation
@TravelBug22,Summer fashion is all about bright colors and bold patterns this year. Loving the new trends! ğŸ‘—
@Fashionista,Trying out a new vegan recipe tonight. Hope it turns out delicious!
@EcoWarrior,Morning workout done! Feeling pumped and ready to tackle the day. #Motivation
@Fashionista,"Just adopted a new puppy! Welcome to the family, little one."
@BookWorm99,Discovered the best burger joint in town today. The secret sauce is a game-changer!
@TravelBug22,Just solved a complex algorithm problem on @CodeChallenge. Feeling like a coding wizard!
@CodingNerd,That game-winning shot by @StarPlayer last night was insane! ğŸ€ What a match!
@SportsFanatic,The weekend is here! Time to relax and unwind with a good book.
@Fashionista,Morning workout done! Feeling pumped and ready to tackle the day. #Motivation
@SportsFanatic,"Just adopted a new puppy! Welcome to the family, little one."
@EcoWarrior,Bali is amazing! Canâ€™t wait to explore the beaches and temples. Any must-see recommendations?
@CodingNerd,Attended an amazing webinar on AI today. Learned so much about the future of tech.
@Fashionista,Just solved a complex algorithm problem on @CodeChallenge. Feeling like a coding wizard!
@TechGuru123,Morning workout done! Feeling pumped and ready to tackle the day. #Motivation
@TravelBug22,Trying out a new vegan recipe tonight. Hope it turns out delicious!
@FoodieFiesta,Bali is amazing! Canâ€™t wait to explore the beaches and temples. Any must-see recommendations?
@FitnessFreak89,Just solved a complex algorithm problem on @CodeChallenge. Feeling like a coding wizard!
@CodingNerd,Discovered the best burger joint in town today. The secret sauce is a game-changer!
@CodingNerd,Just booked my tickets to Japan! Can't wait to experience the culture and food.
@Fashionista,Attended an amazing webinar on AI today. Learned so much about the future of tech.
@FoodieFiesta,Just solved a complex algorithm problem on @CodeChallenge. Feeling like a coding wizard!
@SportsFanatic,Just solved a complex algorithm problem on @CodeChallenge. Feeling like a coding wizard!
@Fashionista,"Finished reading 'The Silent Patient' and wow, what a twist! Highly recommend for all thriller lovers."
@CodingNerd,Attended an amazing webinar on AI today. Learned so much about the future of tech.
@SportsFanatic,Attended an amazing webinar on AI today. Learned so much about the future of tech.
@TechGuru123,New album from @RockBand just dropped and it's fire! Can't stop listening. ğŸ¶
@MusicLover,Morning workout done! Feeling pumped and ready to tackle the day. #Motivation
@FitnessFreak89,Planted 10 trees today with @GreenFutureOrg. Every little step counts towards a greener planet. ğŸŒ±
@MusicLover,The weekend is here! Time to relax and unwind with a good book.
@FoodieFiesta,Morning workout done! Feeling pumped and ready to tackle the day. #Motivation
@FitnessFreak89,Summer fashion is all about bright colors and bold patterns this year. Loving the new trends! ğŸ‘—
@SportsFanatic,Trying out a new vegan recipe tonight. Hope it turns out delicious!
@FoodieFiesta,Just solved a complex algorithm problem on @CodeChallenge. Feeling like a coding wizard!
@Fashionista,Discovered the best burger joint in town today. The secret sauce is a game-changer!
@BookWorm99,Just solved a complex algorithm problem on @CodeChallenge. Feeling like a coding wizard!
@TravelBug22,That game-winning shot by @StarPlayer last night was insane! ğŸ€ What a match!
@FitnessFreak89,That game-winning shot by @StarPlayer last night was insane! ğŸ€ What a match!
@TravelBug22,Summer fashion is all about bright colors and bold patterns this year. Loving the new trends! ğŸ‘—
@EcoWarrior,Morning workout done! Feeling pumped and ready to tackle the day. #Motivation
@CodingNerd,Just booked my tickets to Japan! Can't wait to experience the culture and food.
@CodingNerd,Just tried out the new VR headset from @FutureTech! The future is here. ğŸš€
@BookWorm99,"Just adopted a new puppy! Welcome to the family, little one."
@EcoWarrior,That game-winning shot by @StarPlayer last night was insane! ğŸ€ What a match!
@SportsFanatic,Planted 10 trees today with @GreenFutureOrg. Every little step counts towards a greener planet. ğŸŒ±
@FoodieFiesta,"Just adopted a new puppy! Welcome to the family, little one."
@MusicLover,That game-winning shot by @StarPlayer last night was insane! ğŸ€ What a match!
@CodingNerd,Discovered the best burger joint in town today. The secret sauce is a game-changer!
@SportsFanatic,Just solved a complex algorithm problem on @CodeChallenge. Feeling like a coding wizard!
@FoodieFiesta,Planted 10 trees today with @GreenFutureOrg. Every little step counts towards a greener planet. ğŸŒ±
@BookWorm99,That game-winning shot by @StarPlayer last night was insane! ğŸ€ What a match!
@BookWorm99,Bali is amazing! Canâ€™t wait to explore the beaches and temples. Any must-see recommendations?
@FitnessFreak89,Just booked my tickets to Japan! Can't wait to experience the culture and food.
@BookWorm99,Planted 10 trees today with @GreenFutureOrg. Every little step counts towards a greener planet. ğŸŒ±
@FoodieFiesta,Discovered the best burger joint in town today. The secret sauce is a game-changer!
@SportsFanatic,Attended an amazing webinar on AI today. Learned so much about the future of tech.
@Fashionista,The weekend is here! Time to relax and unwind with a good book.
@MusicLover,Just booked my tickets to Japan! Can't wait to experience the culture and food.
@TechGuru123,Attended an amazing webinar on AI today. Learned so much about the future of tech.
@BookWorm99,"Just adopted a new puppy! Welcome to the family, little one."
@TravelBug22,Discovered the best burger joint in town today. The secret sauce is a game-changer!
@BookWorm99,Just tried out the new VR headset from @FutureTech! The future is here. ğŸš€
@TechGuru123,Trying out a new vegan recipe tonight. Hope it turns out delicious!
@FitnessFreak89,"Finished reading 'The Silent Patient' and wow, what a twist! Highly recommend for all thriller lovers."
@TechGuru123,Discovered the best burger joint in town today. The secret sauce is a game-changer!
@Fashionista,"Finished reading 'The Silent Patient' and wow, what a twist! Highly recommend for all thriller lovers."
@TravelBug22,"Just adopted a new puppy! Welcome to the family, little one."
@FitnessFreak89,"Finished reading 'The Silent Patient' and wow, what a twist! Highly recommend for all thriller lovers."
@Fashionista,Summer fashion is all about bright colors and bold patterns this year. Loving the new trends! ğŸ‘—
@FoodieFiesta,Summer fashion is all about bright colors and bold patterns this year. Loving the new trends! ğŸ‘—
@FitnessFreak89,Just booked my tickets to Japan! Can't wait to experience the culture and food.
@BookWorm99,The weekend is here! Time to relax and unwind with a good book.
@EcoWarrior,That game-winning shot by @StarPlayer last night was insane! ğŸ€ What a match!
@EcoWarrior,That game-winning shot by @StarPlayer last night was insane! ğŸ€ What a match!
@SportsFanatic,Morning workout done! Feeling pumped and ready to tackle the day. #Motivation
@SportsFanatic,Trying out a new vegan recipe tonight. Hope it turns out delicious!
@FoodieFiesta,Attended an amazing webinar on AI today. Learned so much about the future of tech.
@TravelBug22,Just booked my tickets to Japan! Can't wait to experience the culture and food.
@EcoWarrior,Bali is amazing! Canâ€™t wait to explore the beaches and temples. Any must-see recommendations?
@TravelBug22,The weekend is here! Time to relax and unwind with a good book.
@FitnessFreak89,Trying out a new vegan recipe tonight. Hope it turns out delicious!
@FitnessFreak89,Attended an amazing webinar on AI today. Learned so much about the future of tech.
@CodingNerd,Just solved a complex algorithm problem on @CodeChallenge. Feeling like a coding wizard!
@FitnessFreak89,Morning workout done! Feeling pumped and ready to tackle the day. #Motivation
@TechGuru123,Bali is amazing! Canâ€™t wait to explore the beaches and temples. Any must-see recommendations?
@FitnessFreak89,"Just adopted a new puppy! Welcome to the family, little one."
@MusicLover,New album from @RockBand just dropped and it's fire! Can't stop listening. ğŸ¶
@Fashionista,Planted 10 trees today with @GreenFutureOrg. Every little step counts towards a greener planet. ğŸŒ±
@SportsFanatic,The weekend is here! Time to relax and unwind with a good book.
@TravelBug22,"Finished reading 'The Silent Patient' and wow, what a twist! Highly recommend for all thriller lovers."
@BookWorm99,Discovered the best burger joint in town today. The secret sauce is a game-changer!
@TechGuru123,Just solved a complex algorithm problem on @CodeChallenge. Feeling like a coding wizard!
@TechGuru123,Just solved a complex algorithm problem on @CodeChallenge. Feeling like a coding wizard!
@Fashionista,Morning workout done! Feeling pumped and ready to tackle the day. #Motivation
@TechGuru123,Trying out a new vegan recipe tonight. Hope it turns out delicious!
@MusicLover,Bali is amazing! Canâ€™t wait to explore the beaches and temples. Any must-see recommendations?
@TechGuru123,Planted 10 trees today with @GreenFutureOrg. Every little step counts towards a greener planet. ğŸŒ±
@MusicLover,"Finished reading 'The Silent Patient' and wow, what a twist! Highly recommend for all thriller lovers."
@SportsFanatic,Just tried out the new VR headset from @FutureTech! The future is here. ğŸš€
@TechGuru123,Just solved a complex algorithm problem on @CodeChallenge. Feeling like a coding wizard!
@SportsFanatic,Trying out a new vegan recipe tonight. Hope it turns out delicious!
@EcoWarrior,That game-winning shot by @StarPlayer last night was insane! ğŸ€ What a match!
@CodingNerd,Summer fashion is all about bright colors and bold patterns this year. Loving the new trends! ğŸ‘—
@FoodieFiesta,Attended an amazing webinar on AI today. Learned so much about the future of tech.
@TechGuru123,Just solved a complex algorithm problem on @CodeChallenge. Feeling like a coding wizard!
@FoodieFiesta,"Just adopted a new puppy! Welcome to the family, little one."
@SportsFanatic,Just solved a complex algorithm problem on @CodeChallenge. Feeling like a coding wizard!
@TechGuru123,New album from @RockBand just dropped and it's fire! Can't stop listening. ğŸ¶
@FitnessFreak89,Morning workout done! Feeling pumped and ready to tackle the day. #Motivation
@TravelBug22,Just booked my tickets to Japan! Can't wait to experience the culture and food.
@BookWorm99,Bali is amazing! Canâ€™t wait to explore the beaches and temples. Any must-see recommendations?
@MusicLover,Attended an amazing webinar on AI today. Learned so much about the future of tech.
@FitnessFreak89,Trying out a new vegan recipe tonight. Hope it turns out delicious!
@CodingNerd,"Finished reading 'The Silent Patient' and wow, what a twist! Highly recommend for all thriller lovers."
@TravelBug22,"Just adopted a new puppy! Welcome to the family, little one."
@EcoWarrior,That game-winning shot by @StarPlayer last night was insane! ğŸ€ What a match!
@TravelBug22,Planted 10 trees today with @GreenFutureOrg. Every little step counts towards a greener planet. ğŸŒ±
@EcoWarrior,Just tried out the new VR headset from @FutureTech! The future is here. ğŸš€
@CodingNerd,Discovered the best burger joint in town today. The secret sauce is a game-changer!
@Fashionista,That game-winning shot by @StarPlayer last night was insane! ğŸ€ What a match!
@Fashionista,"Finished reading 'The Silent Patient' and wow, what a twist! Highly recommend for all thriller lovers."
@FitnessFreak89,Summer fashion is all about bright colors and bold patterns this year. Loving the new trends! ğŸ‘—
@BookWorm99,Summer fashion is all about bright colors and bold patterns this year. Loving the new trends! ğŸ‘—
@TechGuru123,That game-winning shot by @StarPlayer last night was insane! ğŸ€ What a match!
@FoodieFiesta,Discovered the best burger joint in town today. The secret sauce is a game-changer!
@CodingNerd,Just solved a complex algorithm problem on @CodeChallenge. Feeling like a coding wizard!
@FitnessFreak89,That game-winning shot by @StarPlayer last night was insane! ğŸ€ What a match!
@MusicLover,Morning workout done! Feeling pumped and ready to tackle the day. #Motivation
@FitnessFreak89,Discovered the best burger joint in town today. The secret sauce is a game-changer!
@TechGuru123,Morning workout done! Feeling pumped and ready to tackle the day. #Motivation
@SportsFanatic,Summer fashion is all about bright colors and bold patterns this year. Loving the new trends! ğŸ‘—
@SportsFanatic,Summer fashion is all about bright colors and bold patterns this year. Loving the new trends! ğŸ‘—
@BookWorm99,Planted 10 trees today with @GreenFutureOrg. Every little step counts towards a greener planet. ğŸŒ±
@SportsFanatic,New album from @RockBand just dropped and it's fire! Can't stop listening. ğŸ¶
@MusicLover,That game-winning shot by @StarPlayer last night was insane! ğŸ€ What a match!
@EcoWarrior,Just solved a complex algorithm problem on @CodeChallenge. Feeling like a coding wizard!
@BookWorm99,Discovered the best burger joint in town today. The secret sauce is a game-changer!
@MusicLover,Just solved a complex algorithm problem on @CodeChallenge. Feeling like a coding wizard!
@Fashionista,Just booked my tickets to Japan! Can't wait to experience the culture and food.
@MusicLover,"Finished reading 'The Silent Patient' and wow, what a twist! Highly recommend for all thriller lovers."
@Fashionista,Morning workout done! Feeling pumped and ready to tackle the day. #Motivation
@Fashionista,Attended an amazing webinar on AI today. Learned so much about the future of tech.
@MusicLover,New album from @RockBand just dropped and it's fire! Can't stop listening. ğŸ¶
@EcoWarrior,That game-winning shot by @StarPlayer last night was insane! ğŸ€ What a match!
@EcoWarrior,That game-winning shot by @StarPlayer last night was insane! ğŸ€ What a match!
@Fashionista,Bali is amazing! Canâ€™t wait to explore the beaches and temples. Any must-see recommendations?
@FitnessFreak89,"Just adopted a new puppy! Welcome to the family, little one."
@FitnessFreak89,Just solved a complex algorithm problem on @CodeChallenge. Feeling like a coding wizard!
@FoodieFiesta,Planted 10 trees today with @GreenFutureOrg. Every little step counts towards a greener planet. ğŸŒ±
@TechGuru123,Just booked my tickets to Japan! Can't wait to experience the culture and food.
@CodingNerd,Discovered the best burger joint in town today. The secret sauce is a game-changer!
@BookWorm99,"Finished reading 'The Silent Patient' and wow, what a twist! Highly recommend for all thriller lovers."
@SportsFanatic,"Just adopted a new puppy! Welcome to the family, little one."
@FitnessFreak89,Trying out a new vegan recipe tonight. Hope it turns out delicious!
@FoodieFiesta,New album from @RockBand just dropped and it's fire! Can't stop listening. ğŸ¶
@EcoWarrior,New album from @RockBand just dropped and it's fire! Can't stop listening. ğŸ¶
@BookWorm99,New album from @RockBand just dropped and it's fire! Can't stop listening. ğŸ¶
@SportsFanatic,That game-winning shot by @StarPlayer last night was insane! ğŸ€ What a match!
@EcoWarrior,That game-winning shot by @StarPlayer last night was insane! ğŸ€ What a match!
@CodingNerd,Attended an amazing webinar on AI today. Learned so much about the future of tech.
@SportsFanatic,Attended an amazing webinar on AI today. Learned so much about the future of tech.
@MusicLover,Trying out a new vegan recipe tonight. Hope it turns out delicious!
@Fashionista,Attended an amazing webinar on AI today. Learned so much about the future of tech.
@TravelBug22,Just booked my tickets to Japan! Can't wait to experience the culture and food.
@Fashionista,Trying out a new vegan recipe tonight. Hope it turns out delicious!
@FoodieFiesta,The weekend is here! Time to relax and unwind with a good book.
@FoodieFiesta,Attended an amazing webinar on AI today. Learned so much about the future of tech.
@EcoWarrior,"Just adopted a new puppy! Welcome to the family, little one."
@SportsFanatic,"Finished reading 'The Silent Patient' and wow, what a twist! Highly recommend for all thriller lovers."
@FitnessFreak89,Just solved a complex algorithm problem on @CodeChallenge. Feeling like a coding wizard!
@SportsFanatic,Bali is amazing! Canâ€™t wait to explore the beaches and temples. Any must-see recommendations?
@BookWorm99,Just solved a complex algorithm problem on @CodeChallenge. Feeling like a coding wizard!
@SportsFanatic,Morning workout done! Feeling pumped and ready to tackle the day. #Motivation
@MusicLover,That game-winning shot by @StarPlayer last night was insane! ğŸ€ What a match!
@TechGuru123,Bali is amazing! Canâ€™t wait to explore the beaches and temples. Any must-see recommendations?
@TechGuru123,Planted 10 trees today with @GreenFutureOrg. Every little step counts towards a greener planet. ğŸŒ±
@BookWorm99,Attended an amazing webinar on AI today. Learned so much about the future of tech.
@FoodieFiesta,New album from @RockBand just dropped and it's fire! Can't stop listening. ğŸ¶
@SportsFanatic,Just booked my tickets to Japan! Can't wait to experience the culture and food.
@EcoWarrior,Attended an amazing webinar on AI today. Learned so much about the future of tech.
@TravelBug22,The weekend is here! Time to relax and unwind with a good book.
@EcoWarrior,That game-winning shot by @StarPlayer last night was insane! ğŸ€ What a match!
@CodingNerd,That game-winning shot by @StarPlayer last night was insane! ğŸ€ What a match!
@FoodieFiesta,"Just adopted a new puppy! Welcome to the family, little one."
@Fashionista,Attended an amazing webinar on AI today. Learned so much about the future of tech.
@EcoWarrior,Just tried out the new VR headset from @FutureTech! The future is here. ğŸš€
@TravelBug22,Trying out a new vegan recipe tonight. Hope it turns out delicious!
@TravelBug22,New album from @RockBand just dropped and it's fire! Can't stop listening. ğŸ¶
@TechGuru123,The weekend is here! Time to relax and unwind with a good book.
@BookWorm99,"Just adopted a new puppy! Welcome to the family, little one."
@TravelBug22,Bali is amazing! Canâ€™t wait to explore the beaches and temples. Any must-see recommendations?
@BookWorm99,Attended an amazing webinar on AI today. Learned so much about the future of tech.
@TravelBug22,New album from @RockBand just dropped and it's fire! Can't stop listening. ğŸ¶
@FoodieFiesta,Bali is amazing! Canâ€™t wait to explore the beaches and temples. Any must-see recommendations?
@CodingNerd,Just solved a complex algorithm problem on @CodeChallenge. Feeling like a coding wizard!
@Fashionista,Bali is amazing! Canâ€™t wait to explore the beaches and temples. Any must-see recommendations?
@Fashionista,"Finished reading 'The Silent Patient' and wow, what a twist! Highly recommend for all thriller lovers."
@TechGuru123,Planted 10 trees today with @GreenFutureOrg. Every little step counts towards a greener planet. ğŸŒ±
@Fashionista,New album from @RockBand just dropped and it's fire! Can't stop listening. ğŸ¶
@Fashionista,Discovered the best burger joint in town today. The secret sauce is a game-changer!
@BookWorm99,Morning workout done! Feeling pumped and ready to tackle the day. #Motivation
@Fashionista,Just tried out the new VR headset from @FutureTech! The future is here. ğŸš€
@SportsFanatic,New album from @RockBand just dropped and it's fire! Can't stop listening. ğŸ¶
@MusicLover,Discovered the best burger joint in town today. The secret sauce is a game-changer!
@FoodieFiesta,Planted 10 trees today with @GreenFutureOrg. Every little step counts towards a greener planet. ğŸŒ±
@FitnessFreak89,Planted 10 trees today with @GreenFutureOrg. Every little step counts towards a greener planet. ğŸŒ±
@FoodieFiesta,Discovered the best burger joint in town today. The secret sauce is a game-changer!
@TechGuru123,The weekend is here! Time to relax and unwind with a good book.
@FoodieFiesta,Bali is amazing! Canâ€™t wait to explore the beaches and temples. Any must-see recommendations?
@EcoWarrior,The weekend is here! Time to relax and unwind with a good book.
@TravelBug22,Morning workout done! Feeling pumped and ready to tackle the day. #Motivation
@SportsFanatic,The weekend is here! Time to relax and unwind with a good book.
@TechGuru123,Summer fashion is all about bright colors and bold patterns this year. Loving the new trends! ğŸ‘—
@EcoWarrior,Just solved a complex algorithm problem on @CodeChallenge. Feeling like a coding wizard!
@EcoWarrior,Just solved a complex algorithm problem on @CodeChallenge. Feeling like a coding wizard!
@Fashionista,Summer fashion is all about bright colors and bold patterns this year. Loving the new trends! ğŸ‘—
@EcoWarrior,Attended an amazing webinar on AI today. Learned so much about the future of tech.
@FitnessFreak89,Just tried out the new VR headset from @FutureTech! The future is here. ğŸš€
@TechGuru123,Summer fashion is all about bright colors and bold patterns this year. Loving the new trends! ğŸ‘—
@Fashionista,Attended an amazing webinar on AI today. Learned so much about the future of tech.
@SportsFanatic,Bali is amazing! Canâ€™t wait to explore the beaches and temples. Any must-see recommendations?
@TravelBug22,That game-winning shot by @StarPlayer last night was insane! ğŸ€ What a match!
@MusicLover,That game-winning shot by @StarPlayer last night was insane! ğŸ€ What a match!
@FoodieFiesta,Bali is amazing! Canâ€™t wait to explore the beaches and temples. Any must-see recommendations?
@BookWorm99,The weekend is here! Time to relax and unwind with a good book.
@CodingNerd,Discovered the best burger joint in town today. The secret sauce is a game-changer!
@TravelBug22,The weekend is here! Time to relax and unwind with a good book.
@TechGuru123,"Finished reading 'The Silent Patient' and wow, what a twist! Highly recommend for all thriller lovers."
@EcoWarrior,"Finished reading 'The Silent Patient' and wow, what a twist! Highly recommend for all thriller lovers."
@Fashionista,"Just adopted a new puppy! Welcome to the family, little one."
@Fashionista,"Finished reading 'The Silent Patient' and wow, what a twist! Highly recommend for all thriller lovers."
@FitnessFreak89,New album from @RockBand just dropped and it's fire! Can't stop listening. ğŸ¶
@FoodieFiesta,Bali is amazing! Canâ€™t wait to explore the beaches and temples. Any must-see recommendations?
@BookWorm99,Trying out a new vegan recipe tonight. Hope it turns out delicious!
@Fashionista,Just tried out the new VR headset from @FutureTech! The future is here. ğŸš€
@Fashionista,That game-winning shot by @StarPlayer last night was insane! ğŸ€ What a match!
@TechGuru123,"Finished reading 'The Silent Patient' and wow, what a twist! Highly recommend for all thriller lovers."
@EcoWarrior,Attended an amazing webinar on AI today. Learned so much about the future of tech.
@TechGuru123,Planted 10 trees today with @GreenFutureOrg. Every little step counts towards a greener planet. ğŸŒ±
@FitnessFreak89,Trying out a new vegan recipe tonight. Hope it turns out delicious!
@FoodieFiesta,New album from @RockBand just dropped and it's fire! Can't stop listening. ğŸ¶
@MusicLover,Summer fashion is all about bright colors and bold patterns this year. Loving the new trends! ğŸ‘—
@FoodieFiesta,Just solved a complex algorithm problem on @CodeChallenge. Feeling like a coding wizard!
@TravelBug22,Morning workout done! Feeling pumped and ready to tackle the day. #Motivation
@EcoWarrior,Morning workout done! Feeling pumped and ready to tackle the day. #Motivation
@CodingNerd,Bali is amazing! Canâ€™t wait to explore the beaches and temples. Any must-see recommendations?
@MusicLover,Planted 10 trees today with @GreenFutureOrg. Every little step counts towards a greener planet. ğŸŒ±
@TravelBug22,Discovered the best burger joint in town today. The secret sauce is a game-changer!
@Fashionista,Trying out a new vegan recipe tonight. Hope it turns out delicious!
@SportsFanatic,Morning workout done! Feeling pumped and ready to tackle the day. #Motivation
@Fashionista,Planted 10 trees today with @GreenFutureOrg. Every little step counts towards a greener planet. ğŸŒ±
@EcoWarrior,Just solved a complex algorithm problem on @CodeChallenge. Feeling like a coding wizard!
@SportsFanatic,Morning workout done! Feeling pumped and ready to tackle the day. #Motivation
@EcoWarrior,Morning workout done! Feeling pumped and ready to tackle the day. #Motivation
@FitnessFreak89,Attended an amazing webinar on AI today. Learned so much about the future of tech.
@BookWorm99,Trying out a new vegan recipe tonight. Hope it turns out delicious!
@TravelBug22,Trying out a new vegan recipe tonight. Hope it turns out delicious!
@EcoWarrior,Just tried out the new VR headset from @FutureTech! The future is here. ğŸš€
@EcoWarrior,Summer fashion is all about bright colors and bold patterns this year. Loving the new trends! ğŸ‘—
@FitnessFreak89,The weekend is here! Time to relax and unwind with a good book.
@EcoWarrior,Discovered the best burger joint in town today. The secret sauce is a game-changer!
@CodingNerd,Planted 10 trees today with @GreenFutureOrg. Every little step counts towards a greener planet. ğŸŒ±
@FoodieFiesta,Discovered the best burger joint in town today. The secret sauce is a game-changer!
@SportsFanatic,Planted 10 trees today with @GreenFutureOrg. Every little step counts towards a greener planet. ğŸŒ±
@BookWorm99,"Finished reading 'The Silent Patient' and wow, what a twist! Highly recommend for all thriller lovers."
@CodingNerd,Discovered the best burger joint in town today. The secret sauce is a game-changer!
@TechGuru123,Just booked my tickets to Japan! Can't wait to experience the culture and food.
@TechGuru123,Just tried out the new VR headset from @FutureTech! The future is here. ğŸš€
@FitnessFreak89,Bali is amazing! Canâ€™t wait to explore the beaches and temples. Any must-see recommendations?
@FitnessFreak89,Attended an amazing webinar on AI today. Learned so much about the future of tech.
@CodingNerd,Trying out a new vegan recipe tonight. Hope it turns out delicious!
@BookWorm99,That game-winning shot by @StarPlayer last night was insane! ğŸ€ What a match!
@SportsFanatic,Just booked my tickets to Japan! Can't wait to experience the culture and food.
@CodingNerd,Discovered the best burger joint in town today. The secret sauce is a game-changer!
@EcoWarrior,Just solved a complex algorithm problem on @CodeChallenge. Feeling like a coding wizard!
@BookWorm99,Summer fashion is all about bright colors and bold patterns this year. Loving the new trends! ğŸ‘—
@BookWorm99,Planted 10 trees today with @GreenFutureOrg. Every little step counts towards a greener planet. ğŸŒ±
@CodingNerd,Just solved a complex algorithm problem on @CodeChallenge. Feeling like a coding wizard!
@FitnessFreak89,Bali is amazing! Canâ€™t wait to explore the beaches and temples. Any must-see recommendations?
@EcoWarrior,Just booked my tickets to Japan! Can't wait to experience the culture and food.
@Fashionista,The weekend is here! Time to relax and unwind with a good book.
@Fashionista,The weekend is here! Time to relax and unwind with a good book.
@EcoWarrior,Bali is amazing! Canâ€™t wait to explore the beaches and temples. Any must-see recommendations?
@TravelBug22,New album from @RockBand just dropped and it's fire! Can't stop listening. ğŸ¶
@CodingNerd,That game-winning shot by @StarPlayer last night was insane! ğŸ€ What a match!
@TechGuru123,Attended an amazing webinar on AI today. Learned so much about the future of tech.
@TravelBug22,Discovered the best burger joint in town today. The secret sauce is a game-changer!
@FoodieFiesta,The weekend is here! Time to relax and unwind with a good book.
@CodingNerd,That game-winning shot by @StarPlayer last night was insane! ğŸ€ What a match!
@Fashionista,Just booked my tickets to Japan! Can't wait to experience the culture and food.
@TravelBug22,Just tried out the new VR headset from @FutureTech! The future is here. ğŸš€
@FoodieFiesta,Trying out a new vegan recipe tonight. Hope it turns out delicious!
@TravelBug22,"Just adopted a new puppy! Welcome to the family, little one."
@BookWorm99,Just tried out the new VR headset from @FutureTech! The future is here. ğŸš€
@TravelBug22,"Finished reading 'The Silent Patient' and wow, what a twist! Highly recommend for all thriller lovers."
@FoodieFiesta,Bali is amazing! Canâ€™t wait to explore the beaches and temples. Any must-see recommendations?
@MusicLover,New album from @RockBand just dropped and it's fire! Can't stop listening. ğŸ¶
@MusicLover,New album from @RockBand just dropped and it's fire! Can't stop listening. ğŸ¶
@FitnessFreak89,Attended an amazing webinar on AI today. Learned so much about the future of tech.
@TechGuru123,"Finished reading 'The Silent Patient' and wow, what a twist! Highly recommend for all thriller lovers."
@FoodieFiesta,Attended an amazing webinar on AI today. Learned so much about the future of tech.
@EcoWarrior,Summer fashion is all about bright colors and bold patterns this year. Loving the new trends! ğŸ‘—
@CodingNerd,Morning workout done! Feeling pumped and ready to tackle the day. #Motivation
@EcoWarrior,"Just adopted a new puppy! Welcome to the family, little one."
@TechGuru123,Just tried out the new VR headset from @FutureTech! The future is here. ğŸš€
@TechGuru123,Discovered the best burger joint in town today. The secret sauce is a game-changer!
@SportsFanatic,The weekend is here! Time to relax and unwind with a good book.
@TechGuru123,Attended an amazing webinar on AI today. Learned so much about the future of tech.
@FoodieFiesta,Just solved a complex algorithm problem on @CodeChallenge. Feeling like a coding wizard!
@SportsFanatic,That game-winning shot by @StarPlayer last night was insane! ğŸ€ What a match!
@EcoWarrior,Morning workout done! Feeling pumped and ready to tackle the day. #Motivation
@SportsFanatic,Trying out a new vegan recipe tonight. Hope it turns out delicious!
@Fashionista,Morning workout done! Feeling pumped and ready to tackle the day. #Motivation
@EcoWarrior,New album from @RockBand just dropped and it's fire! Can't stop listening. ğŸ¶
@Fashionista,Just booked my tickets to Japan! Can't wait to experience the culture and food.
@CodingNerd,Trying out a new vegan recipe tonight. Hope it turns out delicious!
@Fashionista,Just booked my tickets to Japan! Can't wait to experience the culture and food.
@FitnessFreak89,Just tried out the new VR headset from @FutureTech! The future is here. ğŸš€
@CodingNerd,"Just adopted a new puppy! Welcome to the family, little one."
@FoodieFiesta,Bali is amazing! Canâ€™t wait to explore the beaches and temples. Any must-see recommendations?
@TechGuru123,Trying out a new vegan recipe tonight. Hope it turns out delicious!
@SportsFanatic,"Finished reading 'The Silent Patient' and wow, what a twist! Highly recommend for all thriller lovers."
@CodingNerd,Just booked my tickets to Japan! Can't wait to experience the culture and food.
@EcoWarrior,Summer fashion is all about bright colors and bold patterns this year. Loving the new trends! ğŸ‘—
@Fashionista,Trying out a new vegan recipe tonight. Hope it turns out delicious!
@CodingNerd,Trying out a new vegan recipe tonight. Hope it turns out delicious!
@TravelBug22,Discovered the best burger joint in town today. The secret sauce is a game-changer!
@FoodieFiesta,Just booked my tickets to Japan! Can't wait to experience the culture and food.
@FitnessFreak89,Attended an amazing webinar on AI today. Learned so much about the future of tech.
@Fashionista,Just tried out the new VR headset from @FutureTech! The future is here. ğŸš€
@EcoWarrior,New album from @RockBand just dropped and it's fire! Can't stop listening. ğŸ¶
@SportsFanatic,Discovered the best burger joint in town today. The secret sauce is a game-changer!
@SportsFanatic,Attended an amazing webinar on AI today. Learned so much about the future of tech.
@Fashionista,Just solved a complex algorithm problem on @CodeChallenge. Feeling like a coding wizard!
@TravelBug22,Attended an amazing webinar on AI today. Learned so much about the future of tech.
@CodingNerd,Discovered the best burger joint in town today. The secret sauce is a game-changer!
@FoodieFiesta,"Finished reading 'The Silent Patient' and wow, what a twist! Highly recommend for all thriller lovers."
@CodingNerd,Discovered the best burger joint in town today. The secret sauce is a game-changer!
@BookWorm99,Planted 10 trees today with @GreenFutureOrg. Every little step counts towards a greener planet. ğŸŒ±
@TechGuru123,Just tried out the new VR headset from @FutureTech! The future is here. ğŸš€
@SportsFanatic,Just tried out the new VR headset from @FutureTech! The future is here. ğŸš€
@TechGuru123,Attended an amazing webinar on AI today. Learned so much about the future of tech.
@CodingNerd,"Just adopted a new puppy! Welcome to the family, little one."
@BookWorm99,Attended an amazing webinar on AI today. Learned so much about the future of tech.
@BookWorm99,That game-winning shot by @StarPlayer last night was insane! ğŸ€ What a match!
@MusicLover,Summer fashion is all about bright colors and bold patterns this year. Loving the new trends! ğŸ‘—
@CodingNerd,Just solved a complex algorithm problem on @CodeChallenge. Feeling like a coding wizard!
@Fashionista,"Just adopted a new puppy! Welcome to the family, little one."
@SportsFanatic,Discovered the best burger joint in town today. The secret sauce is a game-changer!
@MusicLover,Just booked my tickets to Japan! Can't wait to experience the culture and food.
@BookWorm99,Discovered the best burger joint in town today. The secret sauce is a game-changer!
@FitnessFreak89,Planted 10 trees today with @GreenFutureOrg. Every little step counts towards a greener planet. ğŸŒ±
@SportsFanatic,Just solved a complex algorithm problem on @CodeChallenge. Feeling like a coding wizard!
@MusicLover,Morning workout done! Feeling pumped and ready to tackle the day. #Motivation
@FitnessFreak89,New album from @RockBand just dropped and it's fire! Can't stop listening. ğŸ¶
@MusicLover,The weekend is here! Time to relax and unwind with a good book.
@CodingNerd,Just booked my tickets to Japan! Can't wait to experience the culture and food.
@FitnessFreak89,Summer fashion is all about bright colors and bold patterns this year. Loving the new trends! ğŸ‘—
@CodingNerd,That game-winning shot by @StarPlayer last night was insane! ğŸ€ What a match!
@TechGuru123,Attended an amazing webinar on AI today. Learned so much about the future of tech.
@EcoWarrior,Just booked my tickets to Japan! Can't wait to experience the culture and food.
@FitnessFreak89,Discovered the best burger joint in town today. The secret sauce is a game-changer!
@EcoWarrior,Trying out a new vegan recipe tonight. Hope it turns out delicious!
@MusicLover,Morning workout done! Feeling pumped and ready to tackle the day. #Motivation
@Fashionista,Discovered the best burger joint in town today. The secret sauce is a game-changer!
@FitnessFreak89,Bali is amazing! Canâ€™t wait to explore the beaches and temples. Any must-see recommendations?
@SportsFanatic,Summer fashion is all about bright colors and bold patterns this year. Loving the new trends! ğŸ‘—
@SportsFanatic,Just solved a complex algorithm problem on @CodeChallenge. Feeling like a coding wizard!
@TechGuru123,Attended an amazing webinar on AI today. Learned so much about the future of tech.
@FoodieFiesta,New album from @RockBand just dropped and it's fire! Can't stop listening. ğŸ¶
@FoodieFiesta,Just solved a complex algorithm problem on @CodeChallenge. Feeling like a coding wizard!
@Fashionista,Attended an amazing webinar on AI today. Learned so much about the future of tech.
@FitnessFreak89,New album from @RockBand just dropped and it's fire! Can't stop listening. ğŸ¶
@CodingNerd,Planted 10 trees today with @GreenFutureOrg. Every little step counts towards a greener planet. ğŸŒ±
@SportsFanatic,New album from @RockBand just dropped and it's fire! Can't stop listening. ğŸ¶
@MusicLover,Just tried out the new VR headset from @FutureTech! The future is here. ğŸš€
@Fashionista,New album from @RockBand just dropped and it's fire! Can't stop listening. ğŸ¶
@TechGuru123,Just tried out the new VR headset from @FutureTech! The future is here. ğŸš€
@TravelBug22,Planted 10 trees today with @GreenFutureOrg. Every little step counts towards a greener planet. ğŸŒ±
@TravelBug22,Summer fashion is all about bright colors and bold patterns this year. Loving the new trends! ğŸ‘—
@Fashionista,Morning workout done! Feeling pumped and ready to tackle the day. #Motivation
@TravelBug22,Morning workout done! Feeling pumped and ready to tackle the day. #Motivation
@BookWorm99,Planted 10 trees today with @GreenFutureOrg. Every little step counts towards a greener planet. ğŸŒ±
@TechGuru123,Just booked my tickets to Japan! Can't wait to experience the culture and food.
@CodingNerd,New album from @RockBand just dropped and it's fire! Can't stop listening. ğŸ¶
@TechGuru123,"Just adopted a new puppy! Welcome to the family, little one."
@SportsFanatic,Discovered the best burger joint in town today. The secret sauce is a game-changer!
@CodingNerd,Planted 10 trees today with @GreenFutureOrg. Every little step counts towards a greener planet. ğŸŒ±
@MusicLover,Discovered the best burger joint in town today. The secret sauce is a game-changer!
@BookWorm99,That game-winning shot by @StarPlayer last night was insane! ğŸ€ What a match!
@CodingNerd,That game-winning shot by @StarPlayer last night was insane! ğŸ€ What a match!
@SportsFanatic,Summer fashion is all about bright colors and bold patterns this year. Loving the new trends! ğŸ‘—
@CodingNerd,"Finished reading 'The Silent Patient' and wow, what a twist! Highly recommend for all thriller lovers."
@EcoWarrior,Summer fashion is all about bright colors and bold patterns this year. Loving the new trends! ğŸ‘—
@BookWorm99,Trying out a new vegan recipe tonight. Hope it turns out delicious!
@BookWorm99,Morning workout done! Feeling pumped and ready to tackle the day. #Motivation
@FitnessFreak89,Discovered the best burger joint in town today. The secret sauce is a game-changer!
@SportsFanatic,Trying out a new vegan recipe tonight. Hope it turns out delicious!
@Fashionista,Attended an amazing webinar on AI today. Learned so much about the future of tech.
@EcoWarrior,"Finished reading 'The Silent Patient' and wow, what a twist! Highly recommend for all thriller lovers."
@MusicLover,Morning workout done! Feeling pumped and ready to tackle the day. #Motivation
@FoodieFiesta,The weekend is here! Time to relax and unwind with a good book.
@MusicLover,Planted 10 trees today with @GreenFutureOrg. Every little step counts towards a greener planet. ğŸŒ±
@TravelBug22,Summer fashion is all about bright colors and bold patterns this year. Loving the new trends! ğŸ‘—
@FitnessFreak89,"Just adopted a new puppy! Welcome to the family, little one."
@EcoWarrior,Discovered the best burger joint in town today. The secret sauce is a game-changer!
@CodingNerd,Morning workout done! Feeling pumped and ready to tackle the day. #Motivation
@EcoWarrior,New album from @RockBand just dropped and it's fire! Can't stop listening. ğŸ¶
@Fashionista,Morning workout done! Feeling pumped and ready to tackle the day. #Motivation
@Fashionista,The weekend is here! Time to relax and unwind with a good book.
@TechGuru123,Discovered the best burger joint in town today. The secret sauce is a game-changer!
@CodingNerd,Just solved a complex algorithm problem on @CodeChallenge. Feeling like a coding wizard!
@CodingNerd,"Finished reading 'The Silent Patient' and wow, what a twist! Highly recommend for all thriller lovers."
@TravelBug22,Just booked my tickets to Japan! Can't wait to experience the culture and food.
@MusicLover,Summer fashion is all about bright colors and bold patterns this year. Loving the new trends! ğŸ‘—
@MusicLover,Bali is amazing! Canâ€™t wait to explore the beaches and temples. Any must-see recommendations?
@BookWorm99,New album from @RockBand just dropped and it's fire! Can't stop listening. ğŸ¶
@BookWorm99,Planted 10 trees today with @GreenFutureOrg. Every little step counts towards a greener planet. ğŸŒ±
@FoodieFiesta,"Just adopted a new puppy! Welcome to the family, little one."
@MusicLover,Trying out a new vegan recipe tonight. Hope it turns out delicious!
@TravelBug22,"Finished reading 'The Silent Patient' and wow, what a twist! Highly recommend for all thriller lovers."
@TechGuru123,That game-winning shot by @StarPlayer last night was insane! ğŸ€ What a match!
@SportsFanatic,Summer fashion is all about bright colors and bold patterns this year. Loving the new trends! ğŸ‘—
@Fashionista,The weekend is here! Time to relax and unwind with a good book.
@SportsFanatic,Just solved a complex algorithm problem on @CodeChallenge. Feeling like a coding wizard!
@MusicLover,New album from @RockBand just dropped and it's fire! Can't stop listening. ğŸ¶
@BookWorm99,Discovered the best burger joint in town today. The secret sauce is a game-changer!
@SportsFanatic,Just tried out the new VR headset from @FutureTech! The future is here. ğŸš€
@MusicLover,Planted 10 trees today with @GreenFutureOrg. Every little step counts towards a greener planet. ğŸŒ±
@TravelBug22,Just tried out the new VR headset from @FutureTech! The future is here. ğŸš€
@EcoWarrior,Just tried out the new VR headset from @FutureTech! The future is here. ğŸš€
@MusicLover,Bali is amazing! Canâ€™t wait to explore the beaches and temples. Any must-see recommendations?
@FitnessFreak89,"Just adopted a new puppy! Welcome to the family, little one."
@MusicLover,"Finished reading 'The Silent Patient' and wow, what a twist! Highly recommend for all thriller lovers."
@TechGuru123,"Finished reading 'The Silent Patient' and wow, what a twist! Highly recommend for all thriller lovers."
@EcoWarrior,Attended an amazing webinar on AI today. Learned so much about the future of tech.
@BookWorm99,Just tried out the new VR headset from @FutureTech! The future is here. ğŸš€
@TravelBug22,Just tried out the new VR headset from @FutureTech! The future is here. ğŸš€
@FitnessFreak89,Morning workout done! Feeling pumped and ready to tackle the day. #Motivation
@FoodieFiesta,Discovered the best burger joint in town today. The secret sauce is a game-changer!
@FitnessFreak89,Just solved a complex algorithm problem on @CodeChallenge. Feeling like a coding wizard!
@FitnessFreak89,Trying out a new vegan recipe tonight. Hope it turns out delicious!
@TechGuru123,Just booked my tickets to Japan! Can't wait to experience the culture and food.
@TravelBug22,Just tried out the new VR headset from @FutureTech! The future is here. ğŸš€
@TravelBug22,Just booked my tickets to Japan! Can't wait to experience the culture and food.
@EcoWarrior,"Just adopted a new puppy! Welcome to the family, little one."
@SportsFanatic,"Finished reading 'The Silent Patient' and wow, what a twist! Highly recommend for all thriller lovers."
@FoodieFiesta,Morning workout done! Feeling pumped and ready to tackle the day. #Motivation
@FoodieFiesta,Trying out a new vegan recipe tonight. Hope it turns out delicious!
@TechGuru123,Just tried out the new VR headset from @FutureTech! The future is here. ğŸš€
@EcoWarrior,New album from @RockBand just dropped and it's fire! Can't stop listening. ğŸ¶
@SportsFanatic,Summer fashion is all about bright colors and bold patterns this year. Loving the new trends! ğŸ‘—
@MusicLover,Summer fashion is all about bright colors and bold patterns this year. Loving the new trends! ğŸ‘—
@BookWorm99,New album from @RockBand just dropped and it's fire! Can't stop listening. ğŸ¶
@MusicLover,Planted 10 trees today with @GreenFutureOrg. Every little step counts towards a greener planet. ğŸŒ±
@Fashionista,Bali is amazing! Canâ€™t wait to explore the beaches and temples. Any must-see recommendations?
@MusicLover,Attended an amazing webinar on AI today. Learned so much about the future of tech.
@FoodieFiesta,New album from @RockBand just dropped and it's fire! Can't stop listening. ğŸ¶
@BookWorm99,Trying out a new vegan recipe tonight. Hope it turns out delicious!
@FitnessFreak89,Just tried out the new VR headset from @FutureTech! The future is here. ğŸš€
@TravelBug22,Discovered the best burger joint in town today. The secret sauce is a game-changer!
@SportsFanatic,Just tried out the new VR headset from @FutureTech! The future is here. ğŸš€
@FitnessFreak89,The weekend is here! Time to relax and unwind with a good book.
@SportsFanatic,Bali is amazing! Canâ€™t wait to explore the beaches and temples. Any must-see recommendations?
@TechGuru123,Discovered the best burger joint in town today. The secret sauce is a game-changer!
@CodingNerd,That game-winning shot by @StarPlayer last night was insane! ğŸ€ What a match!
@FoodieFiesta,Discovered the best burger joint in town today. The secret sauce is a game-changer!
@TravelBug22,Bali is amazing! Canâ€™t wait to explore the beaches and temples. Any must-see recommendations?
@CodingNerd,Bali is amazing! Canâ€™t wait to explore the beaches and temples. Any must-see recommendations?
@BookWorm99,New album from @RockBand just dropped and it's fire! Can't stop listening. ğŸ¶
@FitnessFreak89,Just booked my tickets to Japan! Can't wait to experience the culture and food.
@EcoWarrior,Discovered the best burger joint in town today. The secret sauce is a game-changer!
@TravelBug22,"Finished reading 'The Silent Patient' and wow, what a twist! Highly recommend for all thriller lovers."
@BookWorm99,"Just adopted a new puppy! Welcome to the family, little one."
@TravelBug22,Just booked my tickets to Japan! Can't wait to experience the culture and food.
@BookWorm99,"Just adopted a new puppy! Welcome to the family, little one."
@MusicLover,Just solved a complex algorithm problem on @CodeChallenge. Feeling like a coding wizard!
@Fashionista,Trying out a new vegan recipe tonight. Hope it turns out delicious!
@MusicLover,Trying out a new vegan recipe tonight. Hope it turns out delicious!
@EcoWarrior,That game-winning shot by @StarPlayer last night was insane! ğŸ€ What a match!
@MusicLover,Planted 10 trees today with @GreenFutureOrg. Every little step counts towards a greener planet. ğŸŒ±
@Fashionista,New album from @RockBand just dropped and it's fire! Can't stop listening. ğŸ¶
@EcoWarrior,Discovered the best burger joint in town today. The secret sauce is a game-changer!
@MusicLover,Just tried out the new VR headset from @FutureTech! The future is here. ğŸš€
@SportsFanatic,The weekend is here! Time to relax and unwind with a good book.
@TravelBug22,The weekend is here! Time to relax and unwind with a good book.
@TravelBug22,"Finished reading 'The Silent Patient' and wow, what a twist! Highly recommend for all thriller lovers."
@FoodieFiesta,Just tried out the new VR headset from @FutureTech! The future is here. ğŸš€
@TechGuru123,Attended an amazing webinar on AI today. Learned so much about the future of tech.
@TechGuru123,Attended an amazing webinar on AI today. Learned so much about the future of tech.
@EcoWarrior,Summer fashion is all about bright colors and bold patterns this year. Loving the new trends! ğŸ‘—
@MusicLover,The weekend is here! Time to relax and unwind with a good book.
@Fashionista,Attended an amazing webinar on AI today. Learned so much about the future of tech.
@CodingNerd,New album from @RockBand just dropped and it's fire! Can't stop listening. ğŸ¶
@FitnessFreak89,Discovered the best burger joint in town today. The secret sauce is a game-changer!
@Fashionista,Just tried out the new VR headset from @FutureTech! The future is here. ğŸš€
@MusicLover,New album from @RockBand just dropped and it's fire! Can't stop listening. ğŸ¶
@Fashionista,Bali is amazing! Canâ€™t wait to explore the beaches and temples. Any must-see recommendations?
@CodingNerd,Trying out a new vegan recipe tonight. Hope it turns out delicious!
@TravelBug22,Attended an amazing webinar on AI today. Learned so much about the future of tech.
@MusicLover,"Just adopted a new puppy! Welcome to the family, little one."
@FitnessFreak89,New album from @RockBand just dropped and it's fire! Can't stop listening. ğŸ¶
@FoodieFiesta,Attended an amazing webinar on AI today. Learned so much about the future of tech.
@TechGuru123,Planted 10 trees today with @GreenFutureOrg. Every little step counts towards a greener planet. ğŸŒ±
@CodingNerd,Just tried out the new VR headset from @FutureTech! The future is here. ğŸš€
@TechGuru123,"Just adopted a new puppy! Welcome to the family, little one."
@MusicLover,That game-winning shot by @StarPlayer last night was insane! ğŸ€ What a match!
@EcoWarrior,Summer fashion is all about bright colors and bold patterns this year. Loving the new trends! ğŸ‘—
@FitnessFreak89,New album from @RockBand just dropped and it's fire! Can't stop listening. ğŸ¶
@EcoWarrior,Morning workout done! Feeling pumped and ready to tackle the day. #Motivation
@Fashionista,Just tried out the new VR headset from @FutureTech! The future is here. ğŸš€
@TechGuru123,Just tried out the new VR headset from @FutureTech! The future is here. ğŸš€
@FitnessFreak89,"Just adopted a new puppy! Welcome to the family, little one."
@FoodieFiesta,Discovered the best burger joint in town today. The secret sauce is a game-changer!
@TechGuru123,Just solved a complex algorithm problem on @CodeChallenge. Feeling like a coding wizard!
@TravelBug22,Planted 10 trees today with @GreenFutureOrg. Every little step counts towards a greener planet. ğŸŒ±
@TechGuru123,The weekend is here! Time to relax and unwind with a good book.
@FitnessFreak89,"Finished reading 'The Silent Patient' and wow, what a twist! Highly recommend for all thriller lovers."
@TechGuru123,Discovered the best burger joint in town today. The secret sauce is a game-changer!
@EcoWarrior,Discovered the best burger joint in town today. The secret sauce is a game-changer!
@SportsFanatic,Discovered the best burger joint in town today. The secret sauce is a game-changer!
@FoodieFiesta,Summer fashion is all about bright colors and bold patterns this year. Loving the new trends! ğŸ‘—
@EcoWarrior,New album from @RockBand just dropped and it's fire! Can't stop listening. ğŸ¶
@TravelBug22,Attended an amazing webinar on AI today. Learned so much about the future of tech.
@FitnessFreak89,New album from @RockBand just dropped and it's fire! Can't stop listening. ğŸ¶
@TechGuru123,New album from @RockBand just dropped and it's fire! Can't stop listening. ğŸ¶
@FoodieFiesta,Just solved a complex algorithm problem on @CodeChallenge. Feeling like a coding wizard!
@TravelBug22,Bali is amazing! Canâ€™t wait to explore the beaches and temples. Any must-see recommendations?
@BookWorm99,Bali is amazing! Canâ€™t wait to explore the beaches and temples. Any must-see recommendations?
@TechGuru123,Attended an amazing webinar on AI today. Learned so much about the future of tech.
@FitnessFreak89,Just booked my tickets to Japan! Can't wait to experience the culture and food.
@TechGuru123,The weekend is here! Time to relax and unwind with a good book.
@FitnessFreak89,Just booked my tickets to Japan! Can't wait to experience the culture and food.
@CodingNerd,Bali is amazing! Canâ€™t wait to explore the beaches and temples. Any must-see recommendations?
@FitnessFreak89,That game-winning shot by @StarPlayer last night was insane! ğŸ€ What a match!
@TechGuru123,Discovered the best burger joint in town today. The secret sauce is a game-changer!
@Fashionista,Morning workout done! Feeling pumped and ready to tackle the day. #Motivation
@TechGuru123,Planted 10 trees today with @GreenFutureOrg. Every little step counts towards a greener planet. ğŸŒ±
@SportsFanatic,"Finished reading 'The Silent Patient' and wow, what a twist! Highly recommend for all thriller lovers."
@FoodieFiesta,Planted 10 trees today with @GreenFutureOrg. Every little step counts towards a greener planet. ğŸŒ±
@SportsFanatic,Discovered the best burger joint in town today. The secret sauce is a game-changer!
@CodingNerd,Summer fashion is all about bright colors and bold patterns this year. Loving the new trends! ğŸ‘—
@TechGuru123,"Finished reading 'The Silent Patient' and wow, what a twist! Highly recommend for all thriller lovers."
@TravelBug22,Bali is amazing! Canâ€™t wait to explore the beaches and temples. Any must-see recommendations?
@FoodieFiesta,Discovered the best burger joint in town today. The secret sauce is a game-changer!
@Fashionista,Discovered the best burger joint in town today. The secret sauce is a game-changer!
@FoodieFiesta,The weekend is here! Time to relax and unwind with a good book.
@TechGuru123,Attended an amazing webinar on AI today. Learned so much about the future of tech.
@TravelBug22,Morning workout done! Feeling pumped and ready to tackle the day. #Motivation
@CodingNerd,That game-winning shot by @StarPlayer last night was insane! ğŸ€ What a match!
@TechGuru123,Trying out a new vegan recipe tonight. Hope it turns out delicious!
@EcoWarrior,That game-winning shot by @StarPlayer last night was insane! ğŸ€ What a match!
@MusicLover,Discovered the best burger joint in town today. The secret sauce is a game-changer!
@Fashionista,"Finished reading 'The Silent Patient' and wow, what a twist! Highly recommend for all thriller lovers."
@FitnessFreak89,Morning workout done! Feeling pumped and ready to tackle the day. #Motivation
@CodingNerd,That game-winning shot by @StarPlayer last night was insane! ğŸ€ What a match!
@MusicLover,Planted 10 trees today with @GreenFutureOrg. Every little step counts towards a greener planet. ğŸŒ±
@FoodieFiesta,New album from @RockBand just dropped and it's fire! Can't stop listening. ğŸ¶
@FoodieFiesta,Discovered the best burger joint in town today. The secret sauce is a game-changer!
@BookWorm99,"Finished reading 'The Silent Patient' and wow, what a twist! Highly recommend for all thriller lovers."
@TechGuru123,Trying out a new vegan recipe tonight. Hope it turns out delicious!
@FitnessFreak89,Bali is amazing! Canâ€™t wait to explore the beaches and temples. Any must-see recommendations?
@TravelBug22,Just tried out the new VR headset from @FutureTech! The future is here. ğŸš€
@Fashionista,Attended an amazing webinar on AI today. Learned so much about the future of tech.
@CodingNerd,Bali is amazing! Canâ€™t wait to explore the beaches and temples. Any must-see recommendations?
@Fashionista,Bali is amazing! Canâ€™t wait to explore the beaches and temples. Any must-see recommendations?
@CodingNerd,Just booked my tickets to Japan! Can't wait to experience the culture and food.
@MusicLover,"Finished reading 'The Silent Patient' and wow, what a twist! Highly recommend for all thriller lovers."
@FoodieFiesta,Just solved a complex algorithm problem on @CodeChallenge. Feeling like a coding wizard!
@MusicLover,"Finished reading 'The Silent Patient' and wow, what a twist! Highly recommend for all thriller lovers."
@Fashionista,New album from @RockBand just dropped and it's fire! Can't stop listening. ğŸ¶
@SportsFanatic,Attended an amazing webinar on AI today. Learned so much about the future of tech.
@FitnessFreak89,That game-winning shot by @StarPlayer last night was insane! ğŸ€ What a match!
@FoodieFiesta,The weekend is here! Time to relax and unwind with a good book.
@MusicLover,"Finished reading 'The Silent Patient' and wow, what a twist! Highly recommend for all thriller lovers."
@TechGuru123,New album from @RockBand just dropped and it's fire! Can't stop listening. ğŸ¶
@Fashionista,Morning workout done! Feeling pumped and ready to tackle the day. #Motivation
@MusicLover,Just tried out the new VR headset from @FutureTech! The future is here. ğŸš€
@CodingNerd,The weekend is here! Time to relax and unwind with a good book.
@FitnessFreak89,Morning workout done! Feeling pumped and ready to tackle the day. #Motivation
@BookWorm99,New album from @RockBand just dropped and it's fire! Can't stop listening. ğŸ¶
@SportsFanatic,Attended an amazing webinar on AI today. Learned so much about the future of tech.
@MusicLover,The weekend is here! Time to relax and unwind with a good book.
@BookWorm99,Summer fashion is all about bright colors and bold patterns this year. Loving the new trends! ğŸ‘—
@TechGuru123,New album from @RockBand just dropped and it's fire! Can't stop listening. ğŸ¶
@BookWorm99,Just solved a complex algorithm problem on @CodeChallenge. Feeling like a coding wizard!
@FitnessFreak89,Just solved a complex algorithm problem on @CodeChallenge. Feeling like a coding wizard!
@TravelBug22,"Finished reading 'The Silent Patient' and wow, what a twist! Highly recommend for all thriller lovers."
@FoodieFiesta,Just tried out the new VR headset from @FutureTech! The future is here. ğŸš€
@TechGuru123,Just tried out the new VR headset from @FutureTech! The future is here. ğŸš€
@BookWorm99,Discovered the best burger joint in town today. The secret sauce is a game-changer!
@FoodieFiesta,Attended an amazing webinar on AI today. Learned so much about the future of tech.
@BookWorm99,New album from @RockBand just dropped and it's fire! Can't stop listening. ğŸ¶
@EcoWarrior,Just tried out the new VR headset from @FutureTech! The future is here. ğŸš€
@Fashionista,Bali is amazing! Canâ€™t wait to explore the beaches and temples. Any must-see recommendations?
@TechGuru123,The weekend is here! Time to relax and unwind with a good book.
@BookWorm99,"Just adopted a new puppy! Welcome to the family, little one."
@EcoWarrior,Planted 10 trees today with @GreenFutureOrg. Every little step counts towards a greener planet. ğŸŒ±
@SportsFanatic,Just solved a complex algorithm problem on @CodeChallenge. Feeling like a coding wizard!
@TechGuru123,Discovered the best burger joint in town today. The secret sauce is a game-changer!
@Fashionista,Planted 10 trees today with @GreenFutureOrg. Every little step counts towards a greener planet. ğŸŒ±
@SportsFanatic,Morning workout done! Feeling pumped and ready to tackle the day. #Motivation
@TechGuru123,"Finished reading 'The Silent Patient' and wow, what a twist! Highly recommend for all thriller lovers."
@FitnessFreak89,The weekend is here! Time to relax and unwind with a good book.
@MusicLover,Bali is amazing! Canâ€™t wait to explore the beaches and temples. Any must-see recommendations?
@FoodieFiesta,Attended an amazing webinar on AI today. Learned so much about the future of tech.
@Fashionista,Attended an amazing webinar on AI today. Learned so much about the future of tech.
@BookWorm99,"Just adopted a new puppy! Welcome to the family, little one."
@BookWorm99,Attended an amazing webinar on AI today. Learned so much about the future of tech.
@Fashionista,Just solved a complex algorithm problem on @CodeChallenge. Feeling like a coding wizard!
@TechGuru123,"Finished reading 'The Silent Patient' and wow, what a twist! Highly recommend for all thriller lovers."
@TechGuru123,Just tried out the new VR headset from @FutureTech! The future is here. ğŸš€
@EcoWarrior,Attended an amazing webinar on AI today. Learned so much about the future of tech.
@CodingNerd,New album from @RockBand just dropped and it's fire! Can't stop listening. ğŸ¶
@FoodieFiesta,Trying out a new vegan recipe tonight. Hope it turns out delicious!
@TechGuru123,Just tried out the new VR headset from @FutureTech! The future is here. ğŸš€
@TechGuru123,Planted 10 trees today with @GreenFutureOrg. Every little step counts towards a greener planet. ğŸŒ±
@BookWorm99,"Finished reading 'The Silent Patient' and wow, what a twist! Highly recommend for all thriller lovers."
@BookWorm99,Attended an amazing webinar on AI today. Learned so much about the future of tech.
@FoodieFiesta,That game-winning shot by @StarPlayer last night was insane! ğŸ€ What a match!
@MusicLover,Morning workout done! Feeling pumped and ready to tackle the day. #Motivation
@FitnessFreak89,Attended an amazing webinar on AI today. Learned so much about the future of tech.
@TravelBug22,"Just adopted a new puppy! Welcome to the family, little one."
@TravelBug22,Planted 10 trees today with @GreenFutureOrg. Every little step counts towards a greener planet. ğŸŒ±
@SportsFanatic,Morning workout done! Feeling pumped and ready to tackle the day. #Motivation
@SportsFanatic,Just tried out the new VR headset from @FutureTech! The future is here. ğŸš€
@MusicLover,Morning workout done! Feeling pumped and ready to tackle the day. #Motivation
@Fashionista,Trying out a new vegan recipe tonight. Hope it turns out delicious!
@FitnessFreak89,New album from @RockBand just dropped and it's fire! Can't stop listening. ğŸ¶
@BookWorm99,The weekend is here! Time to relax and unwind with a good book.
@FitnessFreak89,"Finished reading 'The Silent Patient' and wow, what a twist! Highly recommend for all thriller lovers."
@FitnessFreak89,Planted 10 trees today with @GreenFutureOrg. Every little step counts towards a greener planet. ğŸŒ±
@EcoWarrior,Bali is amazing! Canâ€™t wait to explore the beaches and temples. Any must-see recommendations?
@FoodieFiesta,New album from @RockBand just dropped and it's fire! Can't stop listening. ğŸ¶
@EcoWarrior,"Finished reading 'The Silent Patient' and wow, what a twist! Highly recommend for all thriller lovers."
@FitnessFreak89,Just solved a complex algorithm problem on @CodeChallenge. Feeling like a coding wizard!
@BookWorm99,Just tried out the new VR headset from @FutureTech! The future is here. ğŸš€
@BookWorm99,Planted 10 trees today with @GreenFutureOrg. Every little step counts towards a greener planet. ğŸŒ±
@CodingNerd,New album from @RockBand just dropped and it's fire! Can't stop listening. ğŸ¶
@TechGuru123,Summer fashion is all about bright colors and bold patterns this year. Loving the new trends! ğŸ‘—
@CodingNerd,Just solved a complex algorithm problem on @CodeChallenge. Feeling like a coding wizard!
@EcoWarrior,That game-winning shot by @StarPlayer last night was insane! ğŸ€ What a match!
@TravelBug22,"Just adopted a new puppy! Welcome to the family, little one."
@TravelBug22,Planted 10 trees today with @GreenFutureOrg. Every little step counts towards a greener planet. ğŸŒ±
@TravelBug22,Just tried out the new VR headset from @FutureTech! The future is here. ğŸš€
@FoodieFiesta,New album from @RockBand just dropped and it's fire! Can't stop listening. ğŸ¶
@TechGuru123,The weekend is here! Time to relax and unwind with a good book.
@FoodieFiesta,That game-winning shot by @StarPlayer last night was insane! ğŸ€ What a match!
@SportsFanatic,"Just adopted a new puppy! Welcome to the family, little one."
@FoodieFiesta,New album from @RockBand just dropped and it's fire! Can't stop listening. ğŸ¶
@MusicLover,The weekend is here! Time to relax and unwind with a good book.
@BookWorm99,The weekend is here! Time to relax and unwind with a good book.
@SportsFanatic,Trying out a new vegan recipe tonight. Hope it turns out delicious!
@TechGuru123,"Finished reading 'The Silent Patient' and wow, what a twist! Highly recommend for all thriller lovers."
@MusicLover,Just solved a complex algorithm problem on @CodeChallenge. Feeling like a coding wizard!
@BookWorm99,"Finished reading 'The Silent Patient' and wow, what a twist! Highly recommend for all thriller lovers."
@EcoWarrior,"Finished reading 'The Silent Patient' and wow, what a twist! Highly recommend for all thriller lovers."
@SportsFanatic,Summer fashion is all about bright colors and bold patterns this year. Loving the new trends! ğŸ‘—
@CodingNerd,Just solved a complex algorithm problem on @CodeChallenge. Feeling like a coding wizard!
@Fashionista,Planted 10 trees today with @GreenFutureOrg. Every little step counts towards a greener planet. ğŸŒ±
@TechGuru123,Just solved a complex algorithm problem on @CodeChallenge. Feeling like a coding wizard!
@Fashionista,Morning workout done! Feeling pumped and ready to tackle the day. #Motivation
@MusicLover,Summer fashion is all about bright colors and bold patterns this year. Loving the new trends! ğŸ‘—
@FoodieFiesta,Bali is amazing! Canâ€™t wait to explore the beaches and temples. Any must-see recommendations?
@TechGuru123,Trying out a new vegan recipe tonight. Hope it turns out delicious!
@CodingNerd,Trying out a new vegan recipe tonight. Hope it turns out delicious!
@MusicLover,Summer fashion is all about bright colors and bold patterns this year. Loving the new trends! ğŸ‘—
@Fashionista,Discovered the best burger joint in town today. The secret sauce is a game-changer!
@SportsFanatic,Summer fashion is all about bright colors and bold patterns this year. Loving the new trends! ğŸ‘—
@FoodieFiesta,"Finished reading 'The Silent Patient' and wow, what a twist! Highly recommend for all thriller lovers."
@Fashionista,Attended an amazing webinar on AI today. Learned so much about the future of tech.
@MusicLover,Just solved a complex algorithm problem on @CodeChallenge. Feeling like a coding wizard!
@SportsFanatic,New album from @RockBand just dropped and it's fire! Can't stop listening. ğŸ¶
@TechGuru123,Planted 10 trees today with @GreenFutureOrg. Every little step counts towards a greener planet. ğŸŒ±
@CodingNerd,New album from @RockBand just dropped and it's fire! Can't stop listening. ğŸ¶
@BookWorm99,Morning workout done! Feeling pumped and ready to tackle the day. #Motivation
@FoodieFiesta,That game-winning shot by @StarPlayer last night was insane! ğŸ€ What a match!
@FitnessFreak89,Attended an amazing webinar on AI today. Learned so much about the future of tech.
@MusicLover,Just solved a complex algorithm problem on @CodeChallenge. Feeling like a coding wizard!
@FitnessFreak89,Planted 10 trees today with @GreenFutureOrg. Every little step counts towards a greener planet. ğŸŒ±
@FitnessFreak89,Morning workout done! Feeling pumped and ready to tackle the day. #Motivation
@Fashionista,"Just adopted a new puppy! Welcome to the family, little one."
@BookWorm99,Summer fashion is all about bright colors and bold patterns this year. Loving the new trends! ğŸ‘—
@BookWorm99,Summer fashion is all about bright colors and bold patterns this year. Loving the new trends! ğŸ‘—
@Fashionista,Just booked my tickets to Japan! Can't wait to experience the culture and food.
@TechGuru123,Trying out a new vegan recipe tonight. Hope it turns out delicious!
@SportsFanatic,New album from @RockBand just dropped and it's fire! Can't stop listening. ğŸ¶
@EcoWarrior,Trying out a new vegan recipe tonight. Hope it turns out delicious!
@BookWorm99,Planted 10 trees today with @GreenFutureOrg. Every little step counts towards a greener planet. ğŸŒ±
@BookWorm99,Morning workout done! Feeling pumped and ready to tackle the day. #Motivation
@TravelBug22,Planted 10 trees today with @GreenFutureOrg. Every little step counts towards a greener planet. ğŸŒ±
@MusicLover,Just tried out the new VR headset from @FutureTech! The future is here. ğŸš€
@BookWorm99,Just solved a complex algorithm problem on @CodeChallenge. Feeling like a coding wizard!
@SportsFanatic,Planted 10 trees today with @GreenFutureOrg. Every little step counts towards a greener planet. ğŸŒ±
@SportsFanatic,Morning workout done! Feeling pumped and ready to tackle the day. #Motivation
@MusicLover,Summer fashion is all about bright colors and bold patterns this year. Loving the new trends! ğŸ‘—
@TechGuru123,Trying out a new vegan recipe tonight. Hope it turns out delicious!
@CodingNerd,Discovered the best burger joint in town today. The secret sauce is a game-changer!
@TravelBug22,Just solved a complex algorithm problem on @CodeChallenge. Feeling like a coding wizard!
@EcoWarrior,Just tried out the new VR headset from @FutureTech! The future is here. ğŸš€
@EcoWarrior,Just booked my tickets to Japan! Can't wait to experience the culture and food.
@FitnessFreak89,Trying out a new vegan recipe tonight. Hope it turns out delicious!
@BookWorm99,Planted 10 trees today with @GreenFutureOrg. Every little step counts towards a greener planet. ğŸŒ±
@TechGuru123,New album from @RockBand just dropped and it's fire! Can't stop listening. ğŸ¶
@TechGuru123,Summer fashion is all about bright colors and bold patterns this year. Loving the new trends! ğŸ‘—
@SportsFanatic,New album from @RockBand just dropped and it's fire! Can't stop listening. ğŸ¶
@MusicLover,Morning workout done! Feeling pumped and ready to tackle the day. #Motivation
@TravelBug22,Just booked my tickets to Japan! Can't wait to experience the culture and food.
@Fashionista,Trying out a new vegan recipe tonight. Hope it turns out delicious!
@TravelBug22,Morning workout done! Feeling pumped and ready to tackle the day. #Motivation
@FitnessFreak89,The weekend is here! Time to relax and unwind with a good book.
@Fashionista,Just booked my tickets to Japan! Can't wait to experience the culture and food.
@CodingNerd,Just booked my tickets to Japan! Can't wait to experience the culture and food.
@TechGuru123,Trying out a new vegan recipe tonight. Hope it turns out delicious!
@TechGuru123,Discovered the best burger joint in town today. The secret sauce is a game-changer!
@TravelBug22,Discovered the best burger joint in town today. The secret sauce is a game-changer!
@MusicLover,The weekend is here! Time to relax and unwind with a good book.
@EcoWarrior,Planted 10 trees today with @GreenFutureOrg. Every little step counts towards a greener planet. ğŸŒ±
@TravelBug22,That game-winning shot by @StarPlayer last night was insane! ğŸ€ What a match!
@SportsFanatic,Morning workout done! Feeling pumped and ready to tackle the day. #Motivation
@Fashionista,Summer fashion is all about bright colors and bold patterns this year. Loving the new trends! ğŸ‘—
@FoodieFiesta,Discovered the best burger joint in town today. The secret sauce is a game-changer!
@MusicLover,Attended an amazing webinar on AI today. Learned so much about the future of tech.
@CodingNerd,New album from @RockBand just dropped and it's fire! Can't stop listening. ğŸ¶
@TechGuru123,Trying out a new vegan recipe tonight. Hope it turns out delicious!
@Fashionista,Summer fashion is all about bright colors and bold patterns this year. Loving the new trends! ğŸ‘—
@Fashionista,The weekend is here! Time to relax and unwind with a good book.
@TravelBug22,That game-winning shot by @StarPlayer last night was insane! ğŸ€ What a match!
@FoodieFiesta,The weekend is here! Time to relax and unwind with a good book.
@TechGuru123,New album from @RockBand just dropped and it's fire! Can't stop listening. ğŸ¶
@FoodieFiesta,"Just adopted a new puppy! Welcome to the family, little one."
@TechGuru123,Trying out a new vegan recipe tonight. Hope it turns out delicious!
@MusicLover,Attended an amazing webinar on AI today. Learned so much about the future of tech.
@CodingNerd,New album from @RockBand just dropped and it's fire! Can't stop listening. ğŸ¶
@MusicLover,Summer fashion is all about bright colors and bold patterns this year. Loving the new trends! ğŸ‘—
@FitnessFreak89,Bali is amazing! Canâ€™t wait to explore the beaches and temples. Any must-see recommendations?
@TravelBug22,That game-winning shot by @StarPlayer last night was insane! ğŸ€ What a match!
@TravelBug22,Morning workout done! Feeling pumped and ready to tackle the day. #Motivation
@FoodieFiesta,Trying out a new vegan recipe tonight. Hope it turns out delicious!
@TravelBug22,Bali is amazing! Canâ€™t wait to explore the beaches and temples. Any must-see recommendations?
@MusicLover,"Finished reading 'The Silent Patient' and wow, what a twist! Highly recommend for all thriller lovers."
@TechGuru123,Attended an amazing webinar on AI today. Learned so much about the future of tech.
@FoodieFiesta,Trying out a new vegan recipe tonight. Hope it turns out delicious!
@CodingNerd,That game-winning shot by @StarPlayer last night was insane! ğŸ€ What a match!
@FitnessFreak89,Planted 10 trees today with @GreenFutureOrg. Every little step counts towards a greener planet. ğŸŒ±
@Fashionista,That game-winning shot by @StarPlayer last night was insane! ğŸ€ What a match!
@CodingNerd,The weekend is here! Time to relax and unwind with a good book.
@Fashionista,The weekend is here! Time to relax and unwind with a good book.
@Fashionista,Morning workout done! Feeling pumped and ready to tackle the day. #Motivation
@TechGuru123,That game-winning shot by @StarPlayer last night was insane! ğŸ€ What a match!
@SportsFanatic,Trying out a new vegan recipe tonight. Hope it turns out delicious!
@EcoWarrior,Just booked my tickets to Japan! Can't wait to experience the culture and food.
@CodingNerd,"Just adopted a new puppy! Welcome to the family, little one."
@CodingNerd,Planted 10 trees today with @GreenFutureOrg. Every little step counts towards a greener planet. ğŸŒ±
@BookWorm99,Bali is amazing! Canâ€™t wait to explore the beaches and temples. Any must-see recommendations?
@CodingNerd,Bali is amazing! Canâ€™t wait to explore the beaches and temples. Any must-see recommendations?
@FitnessFreak89,Morning workout done! Feeling pumped and ready to tackle the day. #Motivation
@MusicLover,Discovered the best burger joint in town today. The secret sauce is a game-changer!
@BookWorm99,Summer fashion is all about bright colors and bold patterns this year. Loving the new trends! ğŸ‘—
@EcoWarrior,"Just adopted a new puppy! Welcome to the family, little one."
@FitnessFreak89,Just solved a complex algorithm problem on @CodeChallenge. Feeling like a coding wizard!
@EcoWarrior,"Finished reading 'The Silent Patient' and wow, what a twist! Highly recommend for all thriller lovers."
@TechGuru123,"Finished reading 'The Silent Patient' and wow, what a twist! Highly recommend for all thriller lovers."
@TravelBug22,New album from @RockBand just dropped and it's fire! Can't stop listening. ğŸ¶
@TravelBug22,Attended an amazing webinar on AI today. Learned so much about the future of tech.
@EcoWarrior,Bali is amazing! Canâ€™t wait to explore the beaches and temples. Any must-see recommendations?
@FoodieFiesta,"Finished reading 'The Silent Patient' and wow, what a twist! Highly recommend for all thriller lovers."
@MusicLover,Discovered the best burger joint in town today. The secret sauce is a game-changer!
@FitnessFreak89,Bali is amazing! Canâ€™t wait to explore the beaches and temples. Any must-see recommendations?
@CodingNerd,New album from @RockBand just dropped and it's fire! Can't stop listening. ğŸ¶
@SportsFanatic,Discovered the best burger joint in town today. The secret sauce is a game-changer!
@EcoWarrior,Morning workout done! Feeling pumped and ready to tackle the day. #Motivation
@EcoWarrior,"Finished reading 'The Silent Patient' and wow, what a twist! Highly recommend for all thriller lovers."
@BookWorm99,"Finished reading 'The Silent Patient' and wow, what a twist! Highly recommend for all thriller lovers."
@TechGuru123,Morning workout done! Feeling pumped and ready to tackle the day. #Motivation
@TechGuru123,New album from @RockBand just dropped and it's fire! Can't stop listening. ğŸ¶
@TechGuru123,Just booked my tickets to Japan! Can't wait to experience the culture and food.
@TravelBug22,The weekend is here! Time to relax and unwind with a good book.
@Fashionista,Planted 10 trees today with @GreenFutureOrg. Every little step counts towards a greener planet. ğŸŒ±
@BookWorm99,That game-winning shot by @StarPlayer last night was insane! ğŸ€ What a match!
@SportsFanatic,Trying out a new vegan recipe tonight. Hope it turns out delicious!
@MusicLover,Trying out a new vegan recipe tonight. Hope it turns out delicious!
@SportsFanatic,Summer fashion is all about bright colors and bold patterns this year. Loving the new trends! ğŸ‘—
@TravelBug22,Bali is amazing! Canâ€™t wait to explore the beaches and temples. Any must-see recommendations?
@Fashionista,Bali is amazing! Canâ€™t wait to explore the beaches and temples. Any must-see recommendations?
@FitnessFreak89,Bali is amazing! Canâ€™t wait to explore the beaches and temples. Any must-see recommendations?
@Fashionista,"Just adopted a new puppy! Welcome to the family, little one."
@TechGuru123,Trying out a new vegan recipe tonight. Hope it turns out delicious!
@FitnessFreak89,Attended an amazing webinar on AI today. Learned so much about the future of tech.
@MusicLover,Bali is amazing! Canâ€™t wait to explore the beaches and temples. Any must-see recommendations?
@Fashionista,"Finished reading 'The Silent Patient' and wow, what a twist! Highly recommend for all thriller lovers."
@Fashionista,Morning workout done! Feeling pumped and ready to tackle the day. #Motivation
@FitnessFreak89,Planted 10 trees today with @GreenFutureOrg. Every little step counts towards a greener planet. ğŸŒ±
@TechGuru123,That game-winning shot by @StarPlayer last night was insane! ğŸ€ What a match!
@Fashionista,Summer fashion is all about bright colors and bold patterns this year. Loving the new trends! ğŸ‘—
@MusicLover,"Just adopted a new puppy! Welcome to the family, little one."
@EcoWarrior,Just booked my tickets to Japan! Can't wait to experience the culture and food.
@MusicLover,Discovered the best burger joint in town today. The secret sauce is a game-changer!
@CodingNerd,Discovered the best burger joint in town today. The secret sauce is a game-changer!
@CodingNerd,New album from @RockBand just dropped and it's fire! Can't stop listening. ğŸ¶
@CodingNerd,Attended an amazing webinar on AI today. Learned so much about the future of tech.
@TravelBug22,Bali is amazing! Canâ€™t wait to explore the beaches and temples. Any must-see recommendations?
@MusicLover,Just tried out the new VR headset from @FutureTech! The future is here. ğŸš€
@CodingNerd,"Finished reading 'The Silent Patient' and wow, what a twist! Highly recommend for all thriller lovers."
@Fashionista,Trying out a new vegan recipe tonight. Hope it turns out delicious!
@TravelBug22,Planted 10 trees today with @GreenFutureOrg. Every little step counts towards a greener planet. ğŸŒ±
@EcoWarrior,"Finished reading 'The Silent Patient' and wow, what a twist! Highly recommend for all thriller lovers."
@TechGuru123,Summer fashion is all about bright colors and bold patterns this year. Loving the new trends! ğŸ‘—
@SportsFanatic,Discovered the best burger joint in town today. The secret sauce is a game-changer!
@Fashionista,Morning workout done! Feeling pumped and ready to tackle the day. #Motivation
@FitnessFreak89,That game-winning shot by @StarPlayer last night was insane! ğŸ€ What a match!
@FoodieFiesta,Discovered the best burger joint in town today. The secret sauce is a game-changer!
@TechGuru123,"Finished reading 'The Silent Patient' and wow, what a twist! Highly recommend for all thriller lovers."
@EcoWarrior,Attended an amazing webinar on AI today. Learned so much about the future of tech.
@BookWorm99,Just booked my tickets to Japan! Can't wait to experience the culture and food.
@SportsFanatic,Just tried out the new VR headset from @FutureTech! The future is here. ğŸš€
@FitnessFreak89,"Just adopted a new puppy! Welcome to the family, little one."
@EcoWarrior,Planted 10 trees today with @GreenFutureOrg. Every little step counts towards a greener planet. ğŸŒ±
@SportsFanatic,"Just adopted a new puppy! Welcome to the family, little one."
@CodingNerd,"Finished reading 'The Silent Patient' and wow, what a twist! Highly recommend for all thriller lovers."
@MusicLover,Discovered the best burger joint in town today. The secret sauce is a game-changer!
@TravelBug22,Morning workout done! Feeling pumped and ready to tackle the day. #Motivation
@FitnessFreak89,The weekend is here! Time to relax and unwind with a good book.
@FoodieFiesta,Discovered the best burger joint in town today. The secret sauce is a game-changer!
@EcoWarrior,"Finished reading 'The Silent Patient' and wow, what a twist! Highly recommend for all thriller lovers."
@BookWorm99,"Just adopted a new puppy! Welcome to the family, little one."
@FitnessFreak89,Discovered the best burger joint in town today. The secret sauce is a game-changer!
@FitnessFreak89,Just tried out the new VR headset from @FutureTech! The future is here. ğŸš€
@EcoWarrior,Just solved a complex algorithm problem on @CodeChallenge. Feeling like a coding wizard!
@CodingNerd,Summer fashion is all about bright colors and bold patterns this year. Loving the new trends! ğŸ‘—
@FitnessFreak89,New album from @RockBand just dropped and it's fire! Can't stop listening. ğŸ¶
@TechGuru123,Morning workout done! Feeling pumped and ready to tackle the day. #Motivation
@SportsFanatic,Summer fashion is all about bright colors and bold patterns this year. Loving the new trends! ğŸ‘—
@TechGuru123,Summer fashion is all about bright colors and bold patterns this year. Loving the new trends! ğŸ‘—
@FitnessFreak89,That game-winning shot by @StarPlayer last night was insane! ğŸ€ What a match!
@MusicLover,New album from @RockBand just dropped and it's fire! Can't stop listening. ğŸ¶
@CodingNerd,Planted 10 trees today with @GreenFutureOrg. Every little step counts towards a greener planet. ğŸŒ±
@Fashionista,Just solved a complex algorithm problem on @CodeChallenge. Feeling like a coding wizard!
@EcoWarrior,That game-winning shot by @StarPlayer last night was insane! ğŸ€ What a match!
@FoodieFiesta,Just booked my tickets to Japan! Can't wait to experience the culture and food.
@FoodieFiesta,The weekend is here! Time to relax and unwind with a good book.
@SportsFanatic,"Just adopted a new puppy! Welcome to the family, little one."
@CodingNerd,Trying out a new vegan recipe tonight. Hope it turns out delicious!
@BookWorm99,Morning workout done! Feeling pumped and ready to tackle the day. #Motivation
@FitnessFreak89,Just booked my tickets to Japan! Can't wait to experience the culture and food.
@EcoWarrior,That game-winning shot by @StarPlayer last night was insane! ğŸ€ What a match!
@SportsFanatic,Just booked my tickets to Japan! Can't wait to experience the culture and food.
@MusicLover,Just booked my tickets to Japan! Can't wait to experience the culture and food.
@FitnessFreak89,Just tried out the new VR headset from @FutureTech! The future is here. ğŸš€
@TechGuru123,New album from @RockBand just dropped and it's fire! Can't stop listening. ğŸ¶
@TechGuru123,New album from @RockBand just dropped and it's fire! Can't stop listening. ğŸ¶
@CodingNerd,Morning workout done! Feeling pumped and ready to tackle the day. #Motivation
@BookWorm99,Just booked my tickets to Japan! Can't wait to experience the culture and food.
@SportsFanatic,"Finished reading 'The Silent Patient' and wow, what a twist! Highly recommend for all thriller lovers."
@SportsFanatic,The weekend is here! Time to relax and unwind with a good book.
@FoodieFiesta,"Finished reading 'The Silent Patient' and wow, what a twist! Highly recommend for all thriller lovers."
@SportsFanatic,New album from @RockBand just dropped and it's fire! Can't stop listening. ğŸ¶
@TravelBug22,Discovered the best burger joint in town today. The secret sauce is a game-changer!
@MusicLover,That game-winning shot by @StarPlayer last night was insane! ğŸ€ What a match!
@CodingNerd,Attended an amazing webinar on AI today. Learned so much about the future of tech.
@SportsFanatic,Just solved a complex algorithm problem on @CodeChallenge. Feeling like a coding wizard!
@TechGuru123,Discovered the best burger joint in town today. The secret sauce is a game-changer!
@TravelBug22,Morning workout done! Feeling pumped and ready to tackle the day. #Motivation
@SportsFanatic,The weekend is here! Time to relax and unwind with a good book.
@TravelBug22,Bali is amazing! Canâ€™t wait to explore the beaches and temples. Any must-see recommendations?
@FitnessFreak89,Planted 10 trees today with @GreenFutureOrg. Every little step counts towards a greener planet. ğŸŒ±
@EcoWarrior,Morning workout done! Feeling pumped and ready to tackle the day. #Motivation
@BookWorm99,Just solved a complex algorithm problem on @CodeChallenge. Feeling like a coding wizard!
@MusicLover,"Just adopted a new puppy! Welcome to the family, little one."
@CodingNerd,Attended an amazing webinar on AI today. Learned so much about the future of tech.
@TechGuru123,Trying out a new vegan recipe tonight. Hope it turns out delicious!
@EcoWarrior,Planted 10 trees today with @GreenFutureOrg. Every little step counts towards a greener planet. ğŸŒ±
@Fashionista,Planted 10 trees today with @GreenFutureOrg. Every little step counts towards a greener planet. ğŸŒ±
@TravelBug22,Trying out a new vegan recipe tonight. Hope it turns out delicious!
@Fashionista,Discovered the best burger joint in town today. The secret sauce is a game-changer!
@CodingNerd,Summer fashion is all about bright colors and bold patterns this year. Loving the new trends! ğŸ‘—
@CodingNerd,Summer fashion is all about bright colors and bold patterns this year. Loving the new trends! ğŸ‘—
@TechGuru123,Just solved a complex algorithm problem on @CodeChallenge. Feeling like a coding wizard!
@FitnessFreak89,Trying out a new vegan recipe tonight. Hope it turns out delicious!
@TechGuru123,"Finished reading 'The Silent Patient' and wow, what a twist! Highly recommend for all thriller lovers."
@MusicLover,Just booked my tickets to Japan! Can't wait to experience the culture and food.
@BookWorm99,Just tried out the new VR headset from @FutureTech! The future is here. ğŸš€
